Indicator,2010,2011,2012,2013,2014,2015,2016,2017,2018,2019,2020,2021,2022,2023,2024
Doanh Số,16081.47,22070.56,27101.68,31586.01,35187.11,40222.6,46965.0,51134.9,52629.23,56400.23,59722.91,61012.07,60074.73,60478.91,61823.89
Các Khoản Giảm Trừ,-328.6,-443.13,-540.11,-637.41,-115.09,-142.22,-170.66,-93.82,-67.28,-82.11,-86.62,-92.91,-118.48,-110.0,-41.28
Doanh Số Thuần,15752.87,21627.43,26561.57,30948.6,35072.02,40080.38,46794.34,51041.08,52561.95,56318.12,59636.29,60919.16,59956.25,60368.92,61782.61
Giá Vốn Hàng Bán,-10579.21,-15039.31,-17484.83,-19765.79,-23680.2,-23817.97,-24458.63,-26806.93,-27950.54,-29745.91,-31967.66,-34640.86,-36059.02,-35824.18,-36192.43
Lãi Gộp,5173.66,6588.12,9076.74,11182.81,11391.82,16262.41,22335.71,24234.14,24611.41,26572.22,27668.62,26278.3,23897.23,24544.73,25590.18
Thu Nhập Tài Chính,448.53,680.23,475.24,507.35,573.57,648.98,722.56,816.32,759.92,807.32,1581.09,1214.68,1379.9,1716.37,1585.66
Chi Phí Tài Chính,-153.2,-246.43,-51.17,-90.79,-81.7,-162.84,-102.45,-87.04,-118.01,-186.97,-308.57,-202.34,-617.54,-503.12,-428.24
Lãi/(Lỗ) Từ Công Ty Liên Doanh (Từ Năm 2015),0.0,0.0,0.0,0.0,59.89,12.9,16.48,67.13,22.43,-5.72,3.88,-45.04,-24.48,-80.63,32.0
Chi Phí Bán Hàng,-1438.19,-1811.91,-2345.79,-3276.43,-3684.4,-6257.51,-10758.75,-11536.53,-12265.94,-12993.45,-13447.49,-12950.67,-12548.21,-13018.09,-13357.71
Chi Phí Quản Lý Doanh Nghiệp,-388.15,-459.43,-525.2,-611.26,-795.37,-1232.72,-1053.25,-1267.61,-1133.3,-1396.3,-1958.16,-1567.31,-1595.85,-1755.62,-1827.92
Lãi/(Lỗ) Từ Hoạt Động Kinh Doanh,3642.66,4750.58,6629.82,7711.68,7463.81,9271.23,11160.29,12226.42,11876.51,12797.09,13539.38,12727.62,10491.06,10903.63,11593.98
"Thu Nhập Khác, Ròng",608.79,237.23,287.32,254.64,149.55,95.91,77.34,2.53,175.18,-1.38,-20.84,194.62,4.47,64.27,5.68
Lãi/(Lỗ) Từ Công Ty Liên Doanh (Trước Năm 2015),-0.23,-8.81,12.53,43.94,0.0,0.0,0.0,0.0,0.0,0.0,0.0,0.0,0.0,0.0,0.0
Lãi/(Lỗ) Ròng Trước Thuế,4251.21,4978.99,6929.67,8010.26,7613.37,9367.14,11237.63,12228.95,12051.7,12795.71,13518.54,12922.24,10495.53,10967.9,11599.65
Chi Phí Thuế Thu Nhập Doanh Nghiệp,-635.71,-760.81,-1110.21,-1476.15,-1545.17,-1597.59,-1873.8,-1950.77,-1846.07,-2241.38,-2282.8,-2289.7,-1917.96,-1948.55,-2146.76
Lãi/(Lỗ) Thuần Sau Thuế,3615.49,4218.18,5819.45,6534.11,6068.2,7769.55,9363.83,10278.17,10205.63,10554.33,11235.73,10632.54,8577.58,9019.35,9452.89
Lợi Ích Của Cổ Đông Thiểu Số,-0.69,0.0,0.0,-0.03,-0.6,-3.86,13.5,-17.49,-21.65,-26.84,136.8,100.06,61.55,145.54,60.58
Lợi Nhuận Của Cổ Đông Của Công Ty Mẹ,3616.19,4218.18,5819.45,6534.13,6068.81,7773.41,9350.33,10295.67,10227.28,10581.18,11098.94,10532.48,8516.02,8873.81,9392.31
Lãi Cơ Bản Trên Cổ Phiếu (VND),6834.0,7717.0,6981.0,7839.0,4556.0,5837.0,5831.0,6355.0,5295.0,5478.0,4770.0,4517.0,3632.0,3796.0,4022.0
Lãi Trên Cổ Phiếu Pha Loãng (VND),0.0,0.0,0.0,0.0,0.0,0.0,0.0,0.0,0.0,0.0,0.0,0.0,0.0,0.0,0.0
EBIT,3347.32,4316.78,6205.76,7295.12,6912.05,8772.19,10523.7,11430.0,11212.17,12182.46,12262.98,11760.32,9753.17,9771.02,10404.55
EBITDA,3637.46,4731.37,6741.21,8081.55,7944.78,9869.26,11714.54,12729.88,12838.8,14130.53,14471.84,13881.66,11848.62,11825.61,12499.71
