Indicator,2011,2012,2013,2014,2015,2016,2017,2018,2019,2020,2021,2022,2023,2024,2025
TỔNG TÀI SẢN,15582.67,19697.87,22875.41,25770.14,27478.18,29378.66,34667.32,37366.11,44699.87,48432.48,53332.4,48482.66,52673.37,55049.06,53312.37
TÀI SẢN NGẮN HẠN,9467.68,11110.61,13018.93,15457.99,16731.88,18673.83,20307.43,20559.76,24721.57,29665.73,36109.91,31560.38,35935.88,37553.65,36261.18
Tiền Và Tương Đương Tiền,3156.52,1252.12,2745.65,1527.88,1358.68,655.42,963.34,1522.61,2665.19,2111.24,2348.55,2299.94,2912.03,2225.94,1794.88
Giá Trị Thuần Đầu Tư Ngắn Hạn,736.03,3909.28,4167.32,7469.01,8668.38,10453.75,10561.71,8673.93,12435.74,17313.68,21025.74,17414.06,20137.24,23260.09,21354.86
Các Khoản Phải Thu,2169.21,2246.36,2728.42,2777.1,2685.47,2866.68,4591.7,4639.45,4503.15,5187.25,5822.03,6100.4,6529.71,6233.76,6027.72
"Hàng Tồn Kho, Ròng",3272.5,3472.85,3217.48,3554.82,3810.1,4521.77,4021.06,5525.85,4983.04,4905.07,6773.07,5537.56,6128.08,5686.84,6839.28
Tài Sản Lưu Động Khác,133.43,230.01,160.06,129.18,209.25,176.2,169.62,197.93,134.43,148.48,140.52,208.42,228.82,147.02,244.44
TÀI SẢN DÀI HẠN,6114.99,8587.26,9856.48,10312.15,10746.3,10704.83,14359.88,16806.35,19978.31,18766.75,17222.49,16922.28,16737.49,17495.41,17051.19
Phải Thu Dài Hạn,0.0,0.0,0.74,21.97,20.9,21.86,53.77,88.44,21.17,19.97,16.7,38.42,16.13,17.59,23.26
Tài Sản Cố Định,5044.76,8042.3,8918.42,8086.4,8214.13,8321.05,10609.31,13365.35,14893.54,13853.81,12706.6,11903.21,12689.65,12550.56,12648.92
Giá Trị Ròng Tài Sản Đầu Tư,100.67,96.71,149.45,147.73,142.37,136.97,95.27,90.25,62.02,60.0,60.05,57.59,55.59,53.62,51.78
Tài Sản Dở Dang Dài Hạn,0.0,0.0,0.0,889.72,843.68,993.11,1928.57,868.25,943.85,1062.63,1130.02,1805.13,936.92,1539.78,1320.8
Đầu Tư Dài Hạn,846.71,284.43,318.31,671.34,940.37,613.81,555.5,1068.66,986.68,973.44,743.86,742.67,831.23,1373.19,957.07
Tài Sản Dài Hạn Khác,107.34,150.15,295.11,495.01,584.86,618.03,1117.46,1325.4,3071.06,2796.9,2565.26,2375.26,2207.96,1960.67,2049.36
NỢ PHẢI TRẢ,3105.47,4204.77,5307.06,5969.9,6554.26,6972.71,10794.26,11094.74,14968.62,14785.36,17482.29,15666.15,17647.63,18874.66,18829.36
Nợ Ngắn Hạn,2946.54,4144.99,4956.4,5453.28,6004.32,6457.5,10195.56,10639.59,14442.85,14212.65,17068.42,15308.42,17138.69,18459.55,18520.29
Nợ Dài Hạn,158.93,59.78,350.66,516.62,549.94,515.21,598.7,455.15,525.77,572.71,413.87,357.72,508.94,415.11,309.07
VỐN CHỦ SỞ HỮU,12477.21,15493.1,17545.49,19680.28,20923.92,22405.95,23873.06,26271.37,29731.26,33647.12,35850.11,32816.52,35025.74,36174.4,34483.02
Vốn Và Các Quỹ,12477.21,15493.1,17545.49,19680.28,20923.92,22405.95,23873.06,26271.37,29731.26,33647.12,35850.11,32816.52,35025.74,36174.4,34483.02
"Quỹ Khen Thưởng, Phúc Lợi (Trước 2010)",0.0,0.0,0.0,0.0,0.0,0.0,0.0,0.0,0.0,0.0,0.0,0.0,0.0,0.0,0.0
LỢI ÍCH CỦA CỔ ĐÔNG THIỂU SỐ,0.0,0.0,22.86,119.95,0.0,0.0,0.0,0.0,0.0,0.0,0.0,0.0,0.0,0.0,0.0
TỔNG CỘNG NGUỒN VỐN,15582.67,19697.87,22875.41,25770.14,27478.18,29378.66,34667.32,37366.11,44699.87,48432.48,53332.4,48482.66,52673.37,55049.06,53312.37
