symbol,company_name,year,pe_ratio,pb_ratio,eps,market_cap,shares_outstanding,roe,gross_margin,revenue_yoy,eps_yoy,debt_to_equity,current_ratio,fcf,ev_ebitda,beta,data_source
VNM,CTCP SUA VIET NAM,2010,1.21,2.17,6834.0,17250.49,2089.96,45.4,32.84,,,0.35,2.24,1375.72,5.35,,SSI iBoard
VNM,CTCP SUA VIET NAM,2011,1.64,2.12,7717.0,26423.31,2089.96,33.81,30.46,37.29,12.92,0.25,3.21,2417.18,5.57,,SSI iBoard
VNM,CTCP SUA VIET NAM,2012,2.88,2.71,6981.0,41955.86,2089.96,37.56,34.17,22.81,-9.54,0.27,2.68,320.91,6.66,,SSI iBoard
VNM,CTCP SUA VIET NAM,2013,4.06,3.79,7839.0,66468.94,2089.96,37.24,36.13,16.52,12.29,0.3,2.63,4661.95,8.54,,SSI iBoard
VNM,CTCP SUA VIET NAM,2014,6.11,2.96,4556.0,58196.9,2089.96,30.84,32.48,13.32,-41.88,0.3,2.83,1455.6,7.88,,SSI iBoard
VNM,CTCP SUA VIET NAM,2015,8.09,4.72,5837.0,98746.21,2089.96,37.15,40.57,14.28,28.12,0.31,2.79,5532.47,10.53,,SSI iBoard
VNM,CTCP SUA VIET NAM,2016,9.91,5.39,5831.0,120720.01,2089.96,41.73,47.73,16.75,-0.1,0.31,2.89,6443.99,10.84,,SSI iBoard
VNM,CTCP SUA VIET NAM,2017,15.62,8.69,6355.0,207474.06,2089.96,43.13,47.48,9.08,8.99,0.45,1.99,7830.6,17.07,,SSI iBoard
VNM,CTCP SUA VIET NAM,2018,13.33,5.62,5295.0,147527.86,2089.96,38.93,46.82,2.98,-16.68,0.42,1.93,7095.1,12.24,,SSI iBoard
VNM,CTCP SUA VIET NAM,2019,12.98,5.0,5478.0,148600.01,2089.96,35.59,47.18,7.15,3.46,0.5,1.71,4662.06,11.39,,SSI iBoard
VNM,CTCP SUA VIET NAM,2020,17.19,5.09,4770.0,171390.98,2089.96,32.99,46.4,5.89,-12.92,0.44,2.09,5378.16,12.72,,SSI iBoard
VNM,CTCP SUA VIET NAM,2021,14.99,3.95,4517.0,141469.08,2089.96,29.38,43.14,2.15,-5.3,0.49,2.12,5498.72,11.28,,SSI iBoard
VNM,CTCP SUA VIET NAM,2022,17.58,4.07,3632.0,133420.67,2089.96,25.95,39.86,-1.58,-19.59,0.48,2.06,12300.04,12.39,,SSI iBoard
VNM,CTCP SUA VIET NAM,2023,15.55,3.52,3796.0,123374.25,2089.96,25.34,40.66,0.69,4.52,0.5,2.1,4898.87,11.68,,SSI iBoard
VNM,CTCP SUA VIET NAM,2024,14.54,3.38,4022.0,122239.4,2089.96,25.96,41.42,2.34,5.95,0.52,2.03,5946.85,11.11,,SSI iBoard
